"Potential use after free","An allocated memory block is used after it has been freed. Behavior in such cases is undefined and can cause memory corruption.","warning","Memory may have been previously freed by [[""delete[]""|""relative:///CWE416_Use_After_Free__new_delete_array_long_02.cpp:43:9:43:22""]].","/CWE416_Use_After_Free__new_delete_array_long_02.cpp","48","23","48","26"
"Use of a broken or risky cryptographic algorithm","Using broken or weak cryptographic algorithms can allow an attacker to compromise security.","error","This file makes use of a broken or weak cryptographic algorithm (specified by [[""invocation of macro CALG_3DES""|""relative:///CWE327_Use_Broken_Crypto__w32_3DES_01.c:86:40:86:48""]]).","/CWE327_Use_Broken_Crypto__w32_3DES_01.c","86","40","86","48"
"Use of a broken or risky cryptographic algorithm","Using broken or weak cryptographic algorithms can allow an attacker to compromise security.","error","This file makes use of a broken or weak cryptographic algorithm (specified by [[""invocation of macro CALG_3DES""|""relative:///CWE327_Use_Broken_Crypto__w32_3DES_17.c:89:44:89:52""]]).","/CWE327_Use_Broken_Crypto__w32_3DES_17.c","89","44","89","52"
"Use of a broken or risky cryptographic algorithm","Using broken or weak cryptographic algorithms can allow an attacker to compromise security.","error","This file makes use of a broken or weak cryptographic algorithm (specified by [[""invocation of macro CALG_3DES""|""relative:///CWE327_Use_Broken_Crypto__w32_3DES_18.c:88:40:88:48""]]).","/CWE327_Use_Broken_Crypto__w32_3DES_18.c","88","40","88","48"
"Use of a broken or risky cryptographic algorithm","Using broken or weak cryptographic algorithms can allow an attacker to compromise security.","error","This file makes use of a broken or weak cryptographic algorithm (specified by [[""invocation of macro CALG_DES""|""relative:///CWE327_Use_Broken_Crypto__w32_DES_01.c:86:40:86:47""]]).","/CWE327_Use_Broken_Crypto__w32_DES_01.c","86","40","86","47"
"Use of a broken or risky cryptographic algorithm","Using broken or weak cryptographic algorithms can allow an attacker to compromise security.","error","This file makes use of a broken or weak cryptographic algorithm (specified by [[""invocation of macro CALG_DES""|""relative:///CWE327_Use_Broken_Crypto__w32_DES_16.c:88:44:88:51""]]).","/CWE327_Use_Broken_Crypto__w32_DES_16.c","88","44","88","51"
"Use of a broken or risky cryptographic algorithm","Using broken or weak cryptographic algorithms can allow an attacker to compromise security.","error","This file makes use of a broken or weak cryptographic algorithm (specified by [[""invocation of macro CALG_DES""|""relative:///CWE327_Use_Broken_Crypto__w32_DES_18.c:88:40:88:47""]]).","/CWE327_Use_Broken_Crypto__w32_DES_18.c","88","40","88","47"
"Use of a broken or risky cryptographic algorithm","Using broken or weak cryptographic algorithms can allow an attacker to compromise security.","error","This file makes use of a broken or weak cryptographic algorithm (specified by [[""invocation of macro CALG_RC5""|""relative:///CWE327_Use_Broken_Crypto__w32_RC5_01.c:86:40:86:47""]]).","/CWE327_Use_Broken_Crypto__w32_RC5_01.c","86","40","86","47"
"Use of a broken or risky cryptographic algorithm","Using broken or weak cryptographic algorithms can allow an attacker to compromise security.","error","This file makes use of a broken or weak cryptographic algorithm (specified by [[""invocation of macro CALG_RC5""|""relative:///CWE327_Use_Broken_Crypto__w32_RC5_16.c:88:44:88:51""]]).","/CWE327_Use_Broken_Crypto__w32_RC5_16.c","88","44","88","51"
"Use of a broken or risky cryptographic algorithm","Using broken or weak cryptographic algorithms can allow an attacker to compromise security.","error","This file makes use of a broken or weak cryptographic algorithm (specified by [[""invocation of macro CALG_RC5""|""relative:///CWE327_Use_Broken_Crypto__w32_RC5_17.c:89:44:89:51""]]).","/CWE327_Use_Broken_Crypto__w32_RC5_17.c","89","44","89","51"
"Use of a broken or risky cryptographic algorithm","Using broken or weak cryptographic algorithms can allow an attacker to compromise security.","error","This file makes use of a broken or weak cryptographic algorithm (specified by [[""invocation of macro CALG_RC5""|""relative:///CWE327_Use_Broken_Crypto__w32_RC5_18.c:88:40:88:47""]]).","/CWE327_Use_Broken_Crypto__w32_RC5_18.c","88","40","88","47"
"Time-of-check time-of-use filesystem race condition","Separately checking the state of a file before operating on it may allow an attacker to modify the file between the two operations.","warning","The [[""filename""|""relative:///CWE367_TOC_TOU__access_01.c:64:26:64:33""]] being operated upon was previously [[""checked""|""relative:///CWE367_TOC_TOU__access_01.c:60:13:60:18""]], but the underlying file may have been changed since then.","/CWE367_TOC_TOU__access_01.c","64","21","64","24"
"Time-of-check time-of-use filesystem race condition","Separately checking the state of a file before operating on it may allow an attacker to modify the file between the two operations.","warning","The [[""filename""|""relative:///CWE367_TOC_TOU__access_16.c:66:30:66:37""]] being operated upon was previously [[""checked""|""relative:///CWE367_TOC_TOU__access_16.c:62:17:62:22""]], but the underlying file may have been changed since then.","/CWE367_TOC_TOU__access_16.c","66","25","66","28"
"Time-of-check time-of-use filesystem race condition","Separately checking the state of a file before operating on it may allow an attacker to modify the file between the two operations.","warning","The [[""filename""|""relative:///CWE367_TOC_TOU__access_17.c:67:30:67:37""]] being operated upon was previously [[""checked""|""relative:///CWE367_TOC_TOU__access_17.c:63:17:63:22""]], but the underlying file may have been changed since then.","/CWE367_TOC_TOU__access_17.c","67","25","67","28"
"Time-of-check time-of-use filesystem race condition","Separately checking the state of a file before operating on it may allow an attacker to modify the file between the two operations.","warning","The [[""filename""|""relative:///CWE367_TOC_TOU__access_18.c:66:26:66:33""]] being operated upon was previously [[""checked""|""relative:///CWE367_TOC_TOU__access_18.c:62:13:62:18""]], but the underlying file may have been changed since then.","/CWE367_TOC_TOU__access_18.c","66","21","66","24"
"Time-of-check time-of-use filesystem race condition","Separately checking the state of a file before operating on it may allow an attacker to modify the file between the two operations.","warning","The [[""filename""|""relative:///CWE367_TOC_TOU__stat_01.c:58:26:58:33""]] being operated upon was previously [[""checked""|""relative:///CWE367_TOC_TOU__stat_01.c:54:13:54:16""]], but the underlying file may have been changed since then.","/CWE367_TOC_TOU__stat_01.c","58","21","58","24"
"Time-of-check time-of-use filesystem race condition","Separately checking the state of a file before operating on it may allow an attacker to modify the file between the two operations.","warning","The [[""filename""|""relative:///CWE367_TOC_TOU__stat_03.c:60:30:60:37""]] being operated upon was previously [[""checked""|""relative:///CWE367_TOC_TOU__stat_03.c:56:17:56:20""]], but the underlying file may have been changed since then.","/CWE367_TOC_TOU__stat_03.c","60","25","60","28"
"Time-of-check time-of-use filesystem race condition","Separately checking the state of a file before operating on it may allow an attacker to modify the file between the two operations.","warning","The [[""filename""|""relative:///CWE367_TOC_TOU__stat_11.c:60:30:60:37""]] being operated upon was previously [[""checked""|""relative:///CWE367_TOC_TOU__stat_11.c:56:17:56:20""]], but the underlying file may have been changed since then.","/CWE367_TOC_TOU__stat_11.c","60","25","60","28"
"Time-of-check time-of-use filesystem race condition","Separately checking the state of a file before operating on it may allow an attacker to modify the file between the two operations.","warning","The [[""filename""|""relative:///CWE367_TOC_TOU__stat_16.c:60:30:60:37""]] being operated upon was previously [[""checked""|""relative:///CWE367_TOC_TOU__stat_16.c:56:17:56:20""]], but the underlying file may have been changed since then.","/CWE367_TOC_TOU__stat_16.c","60","25","60","28"
"Time-of-check time-of-use filesystem race condition","Separately checking the state of a file before operating on it may allow an attacker to modify the file between the two operations.","warning","The [[""filename""|""relative:///CWE367_TOC_TOU__stat_17.c:61:30:61:37""]] being operated upon was previously [[""checked""|""relative:///CWE367_TOC_TOU__stat_17.c:57:17:57:20""]], but the underlying file may have been changed since then.","/CWE367_TOC_TOU__stat_17.c","61","25","61","28"
"Time-of-check time-of-use filesystem race condition","Separately checking the state of a file before operating on it may allow an attacker to modify the file between the two operations.","warning","The [[""filename""|""relative:///CWE367_TOC_TOU__stat_18.c:60:26:60:33""]] being operated upon was previously [[""checked""|""relative:///CWE367_TOC_TOU__stat_18.c:56:13:56:16""]], but the underlying file may have been changed since then.","/CWE367_TOC_TOU__stat_18.c","60","21","60","24"
"Use of dangerous function","Use of a standard library function that does not guard against buffer overflow.","error","'gets' does not guard against buffer overflow.","/CWE242_Use_of_Inherently_Dangerous_Function__basic_04.c","38","22","38","25"
"Use of dangerous function","Use of a standard library function that does not guard against buffer overflow.","error","'gets' does not guard against buffer overflow.","/CWE242_Use_of_Inherently_Dangerous_Function__basic_05.c","38","22","38","25"
"Use of dangerous function","Use of a standard library function that does not guard against buffer overflow.","error","'gets' does not guard against buffer overflow.","/CWE242_Use_of_Inherently_Dangerous_Function__basic_06.c","37","22","37","25"
"Use of dangerous function","Use of a standard library function that does not guard against buffer overflow.","error","'gets' does not guard against buffer overflow.","/CWE242_Use_of_Inherently_Dangerous_Function__basic_07.c","37","22","37","25"
"Use of dangerous function","Use of a standard library function that does not guard against buffer overflow.","error","'gets' does not guard against buffer overflow.","/CWE242_Use_of_Inherently_Dangerous_Function__basic_08.c","45","22","45","25"
"Use of dangerous function","Use of a standard library function that does not guard against buffer overflow.","error","'gets' does not guard against buffer overflow.","/CWE242_Use_of_Inherently_Dangerous_Function__basic_09.c","32","22","32","25"
"Use of dangerous function","Use of a standard library function that does not guard against buffer overflow.","error","'gets' does not guard against buffer overflow.","/CWE242_Use_of_Inherently_Dangerous_Function__basic_11.c","32","22","32","25"
"Use of dangerous function","Use of a standard library function that does not guard against buffer overflow.","error","'gets' does not guard against buffer overflow.","/CWE242_Use_of_Inherently_Dangerous_Function__basic_12.c","32","22","32","25"
"Use of dangerous function","Use of a standard library function that does not guard against buffer overflow.","error","'gets' does not guard against buffer overflow.","/CWE242_Use_of_Inherently_Dangerous_Function__basic_13.c","32","22","32","25"
"Use of dangerous function","Use of a standard library function that does not guard against buffer overflow.","error","'gets' does not guard against buffer overflow.","/CWE242_Use_of_Inherently_Dangerous_Function__basic_15.c","33","18","33","21"
"Uncontrolled format string","Using externally-controlled format strings in printf-style functions can lead to buffer overflows or data representation problems.","warning","The value of this argument may come from [[""buffer read by recv""|""relative:///CWE134_Uncontrolled_Format_String__char_connect_socket_w32_vsnprintf_04.c:110:50:110:73""]] and is being used as a formatting argument to badVaSinkB(data), which calls vsnprintf(__format).","/CWE134_Uncontrolled_Format_String__char_connect_socket_w32_vsnprintf_04.c","144","20","144","23"
"Uncontrolled format string","Using externally-controlled format strings in printf-style functions can lead to buffer overflows or data representation problems.","warning","The value of this argument may come from [[""buffer read by recv""|""relative:///CWE134_Uncontrolled_Format_String__char_connect_socket_w32_vsnprintf_05.c:110:50:110:73""]] and is being used as a formatting argument to badVaSinkB(data), which calls vsnprintf(__format).","/CWE134_Uncontrolled_Format_String__char_connect_socket_w32_vsnprintf_05.c","144","20","144","23"
"Uncontrolled format string","Using externally-controlled format strings in printf-style functions can lead to buffer overflows or data representation problems.","warning","The value of this argument may come from [[""buffer read by recv""|""relative:///CWE134_Uncontrolled_Format_String__char_connect_socket_w32_vsnprintf_08.c:117:50:117:73""]] and is being used as a formatting argument to badVaSinkB(data), which calls vsnprintf(__format).","/CWE134_Uncontrolled_Format_String__char_connect_socket_w32_vsnprintf_08.c","151","20","151","23"
"Uncontrolled format string","Using externally-controlled format strings in printf-style functions can lead to buffer overflows or data representation problems.","warning","The value of this argument may come from [[""buffer read by recv""|""relative:///CWE134_Uncontrolled_Format_String__char_listen_socket_snprintf_04.c:110:49:110:72""]] and is being used as a formatting argument to _snprintf(_Format).","/CWE134_Uncontrolled_Format_String__char_listen_socket_snprintf_04.c","151","35","151","38"
"Uncontrolled format string","Using externally-controlled format strings in printf-style functions can lead to buffer overflows or data representation problems.","warning","The value of this argument may come from [[""buffer read by recv""|""relative:///CWE134_Uncontrolled_Format_String__char_listen_socket_snprintf_05.c:110:49:110:72""]] and is being used as a formatting argument to _snprintf(_Format).","/CWE134_Uncontrolled_Format_String__char_listen_socket_snprintf_05.c","151","35","151","38"
"Uncontrolled format string","Using externally-controlled format strings in printf-style functions can lead to buffer overflows or data representation problems.","warning","The value of this argument may come from [[""buffer read by recv""|""relative:///CWE134_Uncontrolled_Format_String__char_listen_socket_snprintf_06.c:109:49:109:72""]] and is being used as a formatting argument to _snprintf(_Format).","/CWE134_Uncontrolled_Format_String__char_listen_socket_snprintf_06.c","150","35","150","38"
"Uncontrolled format string","Using externally-controlled format strings in printf-style functions can lead to buffer overflows or data representation problems.","warning","The value of this argument may come from [[""buffer read by recv""|""relative:///CWE134_Uncontrolled_Format_String__char_listen_socket_snprintf_07.c:109:49:109:72""]] and is being used as a formatting argument to _snprintf(_Format).","/CWE134_Uncontrolled_Format_String__char_listen_socket_snprintf_07.c","150","35","150","38"
"Uncontrolled format string","Using externally-controlled format strings in printf-style functions can lead to buffer overflows or data representation problems.","warning","The value of this argument may come from [[""buffer read by recv""|""relative:///CWE134_Uncontrolled_Format_String__wchar_t_connect_socket_w32_vsnprintf_08.c:117:50:117:73""]] and is being used as a formatting argument to badVaSinkB(data), which calls _vsnwprintf(_Format).","/CWE134_Uncontrolled_Format_String__wchar_t_connect_socket_w32_vsnprintf_08.c","151","20","151","23"
"Uncontrolled format string","Using externally-controlled format strings in printf-style functions can lead to buffer overflows or data representation problems.","warning","The value of this argument may come from [[""buffer read by recv""|""relative:///CWE134_Uncontrolled_Format_String__wchar_t_listen_socket_snprintf_04.c:110:49:110:72""]] and is being used as a formatting argument to _snwprintf(_Format).","/CWE134_Uncontrolled_Format_String__wchar_t_listen_socket_snprintf_04.c","151","35","151","38"
"Uncontrolled format string","Using externally-controlled format strings in printf-style functions can lead to buffer overflows or data representation problems.","warning","The value of this argument may come from [[""buffer read by recv""|""relative:///CWE134_Uncontrolled_Format_String__wchar_t_listen_socket_snprintf_05.c:110:49:110:72""]] and is being used as a formatting argument to _snwprintf(_Format).","/CWE134_Uncontrolled_Format_String__wchar_t_listen_socket_snprintf_05.c","151","35","151","38"
